[{"device_id": "96322", "title": "iPhone 13 mini", "images": [{"src": "https://www.tango.lu/sites/tango/files/styles/device_listing_medium/public/iphone_13_mini_-_face.png", "alt": ""}], "promo": {"listing": ""}, "thumb_src": "https://www.tango.lu/sites/tango/files/styles/device_listing_thumb/public/iphone_13_mini_-_face.png", "brand": "593", "os": "582", "esim": "2309", "5g": "2321", "type": "326", "price_range": null, "status_items": [], "first_status_item": {"label": "", "text": "", "class": "", "status": ""}, "detail_url": "/en/residential/offers/mobiles/devices-smartphones-and-tablets/iphone-13-mini", "variations": {"128GO": {"storage": "128", "storage_id": "569", "storage_unit": "GO", "min_price": 10, "max_price": 815, "before_promo_price": 0, "base_min_price": "", "variation_id": "96316", "sku": "13643"}, "256GO": {"storage": "256", "storage_id": "1284", "storage_unit": "GO", "min_price": 118, "max_price": 939, "before_promo_price": 0, "base_min_price": "", "variation_id": "96320", "sku": "13647"}, "512GO": {"storage": "512", "storage_id": "1842", "storage_unit": "GO", "min_price": 323, "max_price": 1175, "before_promo_price": 0, "base_min_price": "", "variation_id": "96321", "sku": "13651"}}, "colors": {"569": {"2633": {"title": "Midnight", "hex": "41464c", "variation_id": "96313", "has_stock": true, "sku": "13643"}, "2636": {"title": "Starlight", "hex": "fbf7f4", "variation_id": "96314", "has_stock": false, "sku": "13644"}, "92": {"title": "Blue", "hex": "2a638a", "variation_id": "96316", "has_stock": false, "sku": "13646"}}, "1284": {"2633": {"title": "Midnight", "hex": "41464c", "variation_id": "96317", "has_stock": true, "sku": "13647"}, "2636": {"title": "Starlight", "hex": "fbf7f4", "variation_id": "96318", "has_stock": false, "sku": "13648"}, "1961": {"title": "Pink", "hex": "f491c7", "variation_id": "98205", "has_stock": false, "sku": "13649"}, "92": {"title": "Blue", "hex": "2a638a", "variation_id": "96320", "has_stock": false, "sku": "13650"}}, "1842": {"2633": {"title": "Midnight", "hex": "41464c", "variation_id": "96321", "has_stock": false, "sku": "13651"}}}, "is_tablet": false, "weight": -20, "has_device_variation_stock": true, "min_price": 0}, {"device_id": "96288", "title": "iPhone 13", "images": [{"src": "https://www.tango.lu/sites/tango/files/styles/device_listing_medium/public/iphone_13_-_face.png", "alt": ""}], "promo": {"listing": ""}, "thumb_src": "https://www.tango.lu/sites/tango/files/styles/device_listing_thumb/public/iphone_13_-_face.png", "brand": "593", "os": "582", "esim": "2309", "5g": "2321", "type": "326", "price_range": null, "status_items": [], "first_status_item": {"label": "", "text": "", "class": "", "status": ""}, "detail_url": "/en/residential/offers/mobiles/devices-smartphones-and-tablets/iphone-13", "variations": {"128GO": {"storage": "128", "storage_id": "569", "storage_unit": "GO", "min_price": 99, "max_price": 919, "before_promo_price": 0, "base_min_price": "", "variation_id": "96281", "sku": "13631"}, "256GO": {"storage": "256", "storage_id": "1284", "storage_unit": "GO", "min_price": 207, "max_price": 1045, "before_promo_price": 0, "base_min_price": "", "variation_id": "96286", "sku": "13636"}, "512GO": {"storage": "512", "storage_id": "1842", "storage_unit": "GO", "min_price": 413, "max_price": 1279, "before_promo_price": 0, "base_min_price": "", "variation_id": "96287", "sku": "13641"}}, "colors": {"569": {"2633": {"title": "Midnight", "hex": "41464c", "variation_id": "96277", "has_stock": true, "sku": "13631"}, "2636": {"title": "Starlight", "hex": "fbf7f4", "variation_id": "96278", "has_stock": true, "sku": "13632"}, "1961": {"title": "Pink", "hex": "f491c7", "variation_id": "107396", "has_stock": true, "sku": "13633"}, "90": {"title": "Red", "hex": "c6373e", "variation_id": "96280", "has_stock": true, "sku": "13634"}, "92": {"title": "Blue", "hex": "2a638a", "variation_id": "96281", "has_stock": true, "sku": "13635"}}, "1284": {"2633": {"title": "Midnight", "hex": "41464c", "variation_id": "96282", "has_stock": true, "sku": "13636"}, "2636": {"title": "Starlight", "hex": "fbf7f4", "variation_id": "96283", "has_stock": true, "sku": "13637"}, "1961": {"title": "Pink", "hex": "f491c7", "variation_id": "96284", "has_stock": true, "sku": "13638"}, "90": {"title": "Red", "hex": "c6373e", "variation_id": "96285", "has_stock": true, "sku": "13639"}, "92": {"title": "Blue", "hex": "2a638a", "variation_id": "96286", "has_stock": true, "sku": "13640"}}, "1842": {"2633": {"title": "Midnight", "hex": "41464c", "variation_id": "96287", "has_stock": false, "sku": "13641"}}}, "is_tablet": false, "weight": -19, "has_device_variation_stock": true, "min_price": 0}, {"device_id": "96354", "title": "iPhone 13 Pro", "images": [{"src": "https://www.tango.lu/sites/tango/files/styles/device_listing_medium/public/iphone-13-pro-face.png", "alt": ""}], "promo": {"listing": ""}, "thumb_src": "https://www.tango.lu/sites/tango/files/styles/device_listing_thumb/public/iphone-13-pro-face.png", "brand": "593", "os": "582", "esim": "2309", "5g": "2321", "type": "326", "price_range": null, "status_items": [], "first_status_item": {"label": "", "text": "", "class": "", "status": ""}, "detail_url": "/en/residential/offers/mobiles/devices-smartphones-and-tablets/iphone-13-pro", "variations": {"128GO": {"storage": "128", "storage_id": "569", "storage_unit": "GO", "min_price": 323, "max_price": 1175, "before_promo_price": 0, "base_min_price": "", "variation_id": "96346", "sku": "13652"}, "256GO": {"storage": "256", "storage_id": "1284", "storage_unit": "GO", "min_price": 430, "max_price": 1298, "before_promo_price": 0, "base_min_price": "", "variation_id": "96350", "sku": "13656"}, "512GO": {"storage": "512", "storage_id": "1842", "storage_unit": "GO", "min_price": 636, "max_price": 1535, "before_promo_price": 0, "base_min_price": "", "variation_id": "96352", "sku": "13660"}, "1TO": {"storage": "1", "storage_id": "1894", "storage_unit": "TO", "min_price": 841, "max_price": 1771, "before_promo_price": 0, "base_min_price": "", "variation_id": "96353", "sku": "13662"}}, "colors": {"569": {"321": {"title": "Silver", "hex": "d0d0d4", "variation_id": "96344", "has_stock": true, "sku": "13653"}, "2345": {"title": "Graphite", "hex": "5a5955", "variation_id": "96343", "has_stock": false, "sku": "13652"}, "223": {"title": "Gold", "hex": "daccb3", "variation_id": "96345", "has_stock": true, "sku": "13654"}, "2630": {"title": "Sierra blue", "hex": "acc4dc", "variation_id": "96346", "has_stock": true, "sku": "13655"}}, "1284": {"2345": {"title": "Graphite", "hex": "5a5955", "variation_id": "96347", "has_stock": true, "sku": "13656"}, "321": {"title": "Silver", "hex": "d0d0d4", "variation_id": "96348", "has_stock": true, "sku": "13657"}, "223": {"title": "Gold", "hex": "daccb3", "variation_id": "96349", "has_stock": true, "sku": "13658"}, "2630": {"title": "Sierra blue", "hex": "acc4dc", "variation_id": "96350", "has_stock": true, "sku": "13659"}}, "1842": {"2345": {"title": "Graphite", "hex": "5a5955", "variation_id": "96351", "has_stock": true, "sku": "13660"}, "2630": {"title": "Sierra blue", "hex": "acc4dc", "variation_id": "96352", "has_stock": true, "sku": "13661"}}, "1894": {"2345": {"title": "Graphite", "hex": "5a5955", "variation_id": "96353", "has_stock": true, "sku": "13662"}}}, "is_tablet": false, "weight": -18, "has_device_variation_stock": true, "min_price": 0}, {"device_id": "96390", "title": "iPhone 13 Pro Max", "images": [{"src": "https://www.tango.lu/sites/tango/files/styles/device_listing_medium/public/iphone-13-pro-max-face.png", "alt": ""}], "promo": {"listing": ""}, "thumb_src": "https://www.tango.lu/sites/tango/files/styles/device_listing_thumb/public/iphone-13-pro-max-face.png", "brand": "593", "os": "582", "esim": "2309", "5g": "2321", "type": "326", "price_range": null, "status_items": [], "first_status_item": {"label": "", "text": "", "class": "", "status": ""}, "detail_url": "/en/residential/offers/mobiles/devices-smartphones-and-tablets/iphone-13-pro-max", "variations": {"128GO": {"storage": "128", "storage_id": "569", "storage_unit": "GO", "min_price": 413, "max_price": 1279, "before_promo_price": 0, "base_min_price": "", "variation_id": "96382", "sku": "13663"}, "256GO": {"storage": "256", "storage_id": "1284", "storage_unit": "GO", "min_price": 519, "max_price": 1405, "before_promo_price": 0, "base_min_price": "", "variation_id": "96386", "sku": "13667"}, "512GO": {"storage": "512", "storage_id": "1842", "storage_unit": "GO", "min_price": 725, "max_price": 1639, "before_promo_price": 0, "base_min_price": "", "variation_id": "96388", "sku": "13671"}, "1TO": {"storage": "1", "storage_id": "1894", "storage_unit": "TO", "min_price": 931, "max_price": 1875, "before_promo_price": 0, "base_min_price": "", "variation_id": "96389", "sku": "13673"}}, "colors": {"569": {"2345": {"title": "Graphite", "hex": "5a5955", "variation_id": "96379", "has_stock": true, "sku": "13663"}, "321": {"title": "Silver", "hex": "d0d0d4", "variation_id": "96380", "has_stock": true, "sku": "13664"}, "223": {"title": "Gold", "hex": "daccb3", "variation_id": "96381", "has_stock": true, "sku": "13665"}, "2630": {"title": "Sierra blue", "hex": "acc4dc", "variation_id": "96382", "has_stock": true, "sku": "13666"}}, "1284": {"2345": {"title": "Graphite", "hex": "5a5955", "variation_id": "96383", "has_stock": true, "sku": "13667"}, "321": {"title": "Silver", "hex": "d0d0d4", "variation_id": "96384", "has_stock": true, "sku": "13668"}, "223": {"title": "Gold", "hex": "daccb3", "variation_id": "96385", "has_stock": true, "sku": "13669"}, "2630": {"title": "Sierra blue", "hex": "acc4dc", "variation_id": "96386", "has_stock": true, "sku": "13670"}}, "1842": {"2345": {"title": "Graphite", "hex": "5a5955", "variation_id": "96387", "has_stock": true, "sku": "13671"}, "2630": {"title": "Sierra blue", "hex": "acc4dc", "variation_id": "96388", "has_stock": true, "sku": "13672"}}, "1894": {"2345": {"title": "Graphite", "hex": "5a5955", "variation_id": "96389", "has_stock": true, "sku": "13673"}}}, "is_tablet": false, "weight": -17, "has_device_variation_stock": true, "min_price": 0}, {"device_id": "92988", "title": "Galaxy Z Flip3 5G", "images": [{"src": "https://www.tango.lu/sites/tango/files/styles/device_listing_medium/public/samsung_galaxy_z_flip3.png", "alt": ""}], "promo": {"listing": ""}, "thumb_src": "https://www.tango.lu/sites/tango/files/styles/device_listing_thumb/public/samsung_galaxy_z_flip3.png", "brand": "601", "os": "580", "esim": "2309", "5g": "2321", "type": "326", "price_range": null, "status_items": [], "first_status_item": {"label": "", "text": "", "class": "", "status": ""}, "detail_url": "/en/residential/offers/mobiles/devices-smartphones-and-tablets/galaxy-z-flip3-5g", "variations": {"256GO": {"storage": "256", "storage_id": "1284", "storage_unit": "GO", "min_price": 291, "max_price": 1139, "before_promo_price": 0, "base_min_price": "", "variation_id": "95489", "sku": "13543"}}, "colors": {"1284": {"222": {"title": "Black", "hex": "000000", "variation_id": "95486", "has_stock": true, "sku": "13543"}, "93": {"title": "White", "hex": "fbfbfb", "variation_id": "95487", "has_stock": false, "sku": "13544"}, "91": {"title": "Green", "hex": "b4d9b3", "variation_id": "95488", "has_stock": false, "sku": "13545"}, "1777": {"title": "Purple", "hex": "916e8f", "variation_id": "95489", "has_stock": false, "sku": "13546"}}}, "is_tablet": false, "weight": -16, "has_device_variation_stock": true, "min_price": 0}, {"device_id": "93002", "title": "Galaxy Z Fold3 5G", "images": [{"src": "https://www.tango.lu/sites/tango/files/styles/device_listing_medium/public/samsung_galaxy_z_fold3_4.png", "alt": ""}], "promo": {"listing": ""}, "thumb_src": "https://www.tango.lu/sites/tango/files/styles/device_listing_thumb/public/samsung_galaxy_z_fold3_4.png", "brand": "601", "os": "580", "esim": "2309", "5g": "2321", "type": "326", "price_range": null, "status_items": [], "first_status_item": {"label": "", "text": "", "class": "", "status": ""}, "detail_url": "/en/residential/offers/mobiles/devices-smartphones-and-tablets/galaxy-z-fold3-5g", "variations": {"256GO": {"storage": "256", "storage_id": "1284", "storage_unit": "GO", "min_price": 922, "max_price": 1865, "before_promo_price": 0, "base_min_price": "", "variation_id": "97719", "sku": "13547"}}, "colors": {"1284": {"91": {"title": "Green", "hex": "b4d9b3", "variation_id": "97718", "has_stock": true, "sku": "13548"}, "222": {"title": "Black", "hex": "000000", "variation_id": "97717", "has_stock": false, "sku": "13547"}, "321": {"title": "Silver", "hex": "d0d0d4", "variation_id": "97719", "has_stock": true, "sku": "13549"}}}, "is_tablet": false, "weight": -15, "has_device_variation_stock": true, "min_price": 0}, {"device_id": "36149", "title": "iPhone 12", "images": [{"src": "https://www.tango.lu/sites/tango/files/styles/device_listing_medium/public/iphone_12_blue_pdp_image_position-1_en-us_0.png", "alt": ""}], "promo": {"listing": ""}, "thumb_src": "https://www.tango.lu/sites/tango/files/styles/device_listing_thumb/public/iphone_12_blue_pdp_image_position-1_en-us_0.png", "brand": "593", "os": "582", "esim": "2309", "5g": "2321", "type": "326", "price_range": null, "status_items": [], "first_status_item": {"label": "", "text": "", "class": "", "status": ""}, "detail_url": "/en/residential/offers/mobiles/devices-smartphones-and-tablets/iphone-12", "variations": {"64GO": {"storage": "64", "storage_id": "567", "storage_unit": "GO", "min_price": 0, "max_price": 815, "before_promo_price": 0, "base_min_price": "", "variation_id": "95337", "sku": "13295"}, "128GO": {"storage": "128", "storage_id": "569", "storage_unit": "GO", "min_price": 55, "max_price": 869, "before_promo_price": 0, "base_min_price": "", "variation_id": "112249", "sku": "13300"}}, "colors": {"567": {"222": {"title": "Black", "hex": "000000", "variation_id": "95336", "has_stock": true, "sku": "13295"}, "93": {"title": "White", "hex": "fbfbfb", "variation_id": "95337", "has_stock": true, "sku": "13296"}}, "569": {"222": {"title": "Black", "hex": "000000", "variation_id": "112249", "has_stock": true, "sku": "13300"}}}, "is_tablet": false, "weight": -10, "has_device_variation_stock": true, "min_price": 0}, {"device_id": "36284", "title": "iPhone 12 Pro", "images": [{"src": "https://www.tango.lu/sites/tango/files/styles/device_listing_medium/public/iphone12pro_gold_front_1.png", "alt": ""}], "promo": {"listing": ""}, "thumb_src": "https://www.tango.lu/sites/tango/files/styles/device_listing_thumb/public/iphone12pro_gold_front_1.png", "brand": "593", "os": "582", "esim": "2309", "5g": "2321", "type": "326", "price_range": null, "status_items": [{"status_label": "Special offers", "status_text": "", "status_class": "special-offer", "status": "788", "status_weight": 0}], "first_status_item": {"status_label": "Special offers", "status_text": "", "status_class": "special-offer", "status": "788", "status_weight": 0}, "detail_url": "/en/residential/offers/mobiles/devices-smartphones-and-tablets/iphone-12-pro", "variations": {"256GO": {"storage": "256", "storage_id": "1284", "storage_unit": "GO", "min_price": 430, "max_price": 1299, "before_promo_price": 0, "base_min_price": "", "variation_id": "100785", "sku": "13314"}, "512GO": {"storage": "512", "storage_id": "1842", "storage_unit": "GO", "min_price": 636, "max_price": 1535, "before_promo_price": 855, "base_min_price": "", "variation_id": "95367", "sku": "13318"}}, "colors": {"1284": {"2345": {"title": "Graphite", "hex": "5a5955", "variation_id": "100783", "has_stock": true, "sku": "13314"}, "2354": {"title": "Pacific Blue", "hex": "46646f", "variation_id": "100785", "has_stock": true, "sku": "13317"}}, "1842": {"2345": {"title": "Graphite", "hex": "5a5955", "variation_id": "100786", "has_stock": true, "sku": "13318"}, "321": {"title": "Silver", "hex": "d0d0d4", "variation_id": "95367", "has_stock": true, "sku": "13319"}}}, "is_tablet": false, "weight": -8, "has_device_variation_stock": true, "min_price": 0}, {"device_id": "42463", "title": "iPhone 12 Pro Max", "images": [{"src": "https://www.tango.lu/sites/tango/files/styles/device_listing_medium/public/iphone12promax_front_1.png", "alt": ""}], "promo": {"listing": ""}, "thumb_src": "https://www.tango.lu/sites/tango/files/styles/device_listing_thumb/public/iphone12promax_front_1.png", "brand": "593", "os": "582", "esim": "2309", "5g": "2321", "type": "326", "price_range": null, "status_items": [], "first_status_item": {"label": "", "text": "", "class": "", "status": ""}, "detail_url": "/en/residential/offers/mobiles/devices-smartphones-and-tablets/iphone-12-pro-max", "variations": {"256GO": {"storage": "256", "storage_id": "1284", "storage_unit": "GO", "min_price": 519, "max_price": 1405, "before_promo_price": 0, "base_min_price": "", "variation_id": "95417", "sku": "13358"}}, "colors": {"1284": {"2345": {"title": "Graphite", "hex": "5a5955", "variation_id": "95417", "has_stock": true, "sku": "13358"}}}, "is_tablet": false, "weight": -7, "has_device_variation_stock": true, "min_price": 0}, {"device_id": "78049", "title": "A74 5G", "images": [{"src": "https://www.tango.lu/sites/tango/files/styles/device_listing_medium/public/oppoa745g_black_front_rgb_1_0.png", "alt": ""}], "promo": {"listing": ""}, "thumb_src": "https://www.tango.lu/sites/tango/files/styles/device_listing_thumb/public/oppoa745g_black_front_rgb_1_0.png", "brand": "2518", "os": "580", "esim": "2303", "5g": "2321", "type": "313", "price_range": null, "status_items": [], "first_status_item": {"label": "", "text": "", "class": "", "status": ""}, "detail_url": "/en/residential/offers/mobiles/devices-smartphones-and-tablets/a74-5g", "variations": {"128GO": {"storage": "128", "storage_id": "569", "storage_unit": "GO", "min_price": 0, "max_price": 299, "before_promo_price": 0, "base_min_price": "", "variation_id": "95474", "sku": "13500"}}, "colors": {"569": {"222": {"title": "Black", "hex": "000000", "variation_id": "95474", "has_stock": true, "sku": "13500"}}}, "is_tablet": false, "weight": -4, "has_device_variation_stock": true, "min_price": 0}, {"device_id": "77995", "title": "Reno 4Z 5G", "images": [{"src": "https://www.tango.lu/sites/tango/files/styles/device_listing_medium/public/reno4-front-1000_0.png", "alt": ""}], "promo": {"listing": ""}, "thumb_src": "https://www.tango.lu/sites/tango/files/styles/device_listing_thumb/public/reno4-front-1000_0.png", "brand": "2518", "os": "580", "esim": "2303", "5g": "2321", "type": "313", "price_range": null, "status_items": [{"status_label": "Special offers", "status_text": "", "status_class": "special-offer", "status": "788", "status_weight": 0}], "first_status_item": {"status_label": "Special offers", "status_text": "", "status_class": "special-offer", "status": "788", "status_weight": 0}, "detail_url": "/en/residential/offers/mobiles/devices-smartphones-and-tablets/reno-4z-5g", "variations": {"128GO": {"storage": "128", "storage_id": "569", "storage_unit": "GO", "min_price": 0, "max_price": 299, "before_promo_price": 0, "base_min_price": "", "variation_id": "95465", "sku": "13495"}}, "colors": {"569": {"222": {"title": "Black", "hex": "000000", "variation_id": "95465", "has_stock": true, "sku": "13495"}}}, "is_tablet": false, "weight": -1, "has_device_variation_stock": true, "min_price": 0}, {"device_id": "100412", "title": "4", "images": [{"src": "https://www.tango.lu/sites/tango/files/styles/device_listing_medium/public/fairphone_4_1.png", "alt": ""}], "promo": {"listing": ""}, "thumb_src": "https://www.tango.lu/sites/tango/files/styles/device_listing_thumb/public/fairphone_4_1.png", "brand": "2246", "os": "580", "esim": "2303", "5g": "2321", "type": "326", "price_range": null, "status_items": [{"status_label": "Special offers", "status_text": "", "status_class": "special-offer", "status": "788", "status_weight": 0}], "first_status_item": {"status_label": "Special offers", "status_text": "", "status_class": "special-offer", "status": "788", "status_weight": 0}, "detail_url": "/en/residential/offers/mobiles/devices-smartphones-and-tablets/4", "variations": {"256GO": {"storage": "256", "storage_id": "1284", "storage_unit": "GO", "min_price": 0, "max_price": 689, "before_promo_price": 0, "base_min_price": "", "variation_id": "112613", "sku": "13687"}}, "colors": {"1284": {"94": {"title": "Grey", "hex": "cccccc", "variation_id": "112613", "has_stock": true, "sku": "13687"}}}, "is_tablet": false, "weight": 0, "has_device_variation_stock": true, "min_price": 0}, {"device_id": "104827", "title": "iPhone 11", "images": [{"src": "https://www.tango.lu/sites/tango/files/styles/device_listing_medium/public/apple-iphone-11-vert-face.png", "alt": ""}], "promo": {"listing": ""}, "thumb_src": "https://www.tango.lu/sites/tango/files/styles/device_listing_thumb/public/apple-iphone-11-vert-face.png", "brand": "593", "os": "582", "esim": "2309", "5g": "2327", "type": "326", "price_range": null, "status_items": [], "first_status_item": {"label": "", "text": "", "class": "", "status": ""}, "detail_url": "/en/residential/offers/mobiles/devices-smartphones-and-tablets/iphone-11-0", "variations": {"64GO": {"storage": "64", "storage_id": "567", "storage_unit": "GO", "min_price": 0, "max_price": 589, "before_promo_price": 0, "base_min_price": "", "variation_id": "104826", "sku": "13337"}, "128GO": {"storage": "128", "storage_id": "569", "storage_unit": "GO", "min_price": 0, "max_price": 645, "before_promo_price": 0, "base_min_price": "", "variation_id": "112252", "sku": "13338"}}, "colors": {"567": {"222": {"title": "Black", "hex": "000000", "variation_id": "104826", "has_stock": false, "sku": "13337"}}, "569": {"222": {"title": "Black", "hex": "000000", "variation_id": "112252", "has_stock": true, "sku": "13338"}}}, "is_tablet": false, "weight": 0, "has_device_variation_stock": true, "min_price": 0}, {"device_id": "108765", "title": "Galaxy S21 FE 5G", "images": [{"src": "https://www.tango.lu/sites/tango/files/styles/device_listing_medium/public/s21fe_front.png", "alt": "galaxy_s21_fe_front"}], "promo": {"listing": ""}, "thumb_src": "https://www.tango.lu/sites/tango/files/styles/device_listing_thumb/public/s21fe_front.png", "brand": "601", "os": "580", "esim": "2303", "5g": "2321", "type": "326", "price_range": null, "status_items": [{"status_label": "Special offers", "status_text": "", "status_class": "special-offer", "status": "788", "status_weight": 0}], "first_status_item": {"status_label": "Special offers", "status_text": "", "status_class": "special-offer", "status": "788", "status_weight": 0}, "detail_url": "/en/residential/offers/mobiles/devices-smartphones-and-tablets/galaxy-s21-fe-5g", "variations": {"128GO": {"storage": "128", "storage_id": "569", "storage_unit": "GO", "min_price": 0, "max_price": 779, "before_promo_price": 69, "base_min_price": "", "variation_id": "108764", "sku": "13698"}}, "colors": {"569": {"2345": {"title": "Graphite", "hex": "5a5955", "variation_id": "108761", "has_stock": true, "sku": "13698"}, "93": {"title": "White", "hex": "fbfbfb", "variation_id": "108762", "has_stock": true, "sku": "13699"}, "91": {"title": "Green", "hex": "b4d9b3", "variation_id": "108763", "has_stock": true, "sku": "13700"}, "1777": {"title": "Purple", "hex": "916e8f", "variation_id": "108764", "has_stock": false, "sku": "13701"}}}, "is_tablet": false, "weight": 0, "has_device_variation_stock": true, "min_price": 0}, {"device_id": "97330", "title": "Reno 6 5G", "images": [{"src": "https://www.tango.lu/sites/tango/files/styles/device_listing_medium/public/face_2.png", "alt": ""}], "promo": {"listing": ""}, "thumb_src": "https://www.tango.lu/sites/tango/files/styles/device_listing_thumb/public/face_2.png", "brand": "2518", "os": "580", "esim": "2303", "5g": "2321", "type": "326", "price_range": null, "status_items": [], "first_status_item": {"label": "", "text": "", "class": "", "status": ""}, "detail_url": "/en/residential/offers/mobiles/devices-smartphones-and-tablets/reno-6-5g", "variations": {"128GO": {"storage": "128", "storage_id": "569", "storage_unit": "GO", "min_price": 0, "max_price": 505, "before_promo_price": 0, "base_min_price": "", "variation_id": "97329", "sku": "13620"}}, "colors": {"569": {"222": {"title": "Black", "hex": "000000", "variation_id": "97329", "has_stock": true, "sku": "13620"}}}, "is_tablet": false, "weight": 0, "has_device_variation_stock": true, "min_price": 0}, {"device_id": "97324", "title": "Galaxy A03S", "images": [{"src": "https://www.tango.lu/sites/tango/files/styles/device_listing_medium/public/face_8.png", "alt": ""}], "promo": {"listing": ""}, "thumb_src": "https://www.tango.lu/sites/tango/files/styles/device_listing_thumb/public/face_8.png", "brand": "601", "os": "580", "esim": "2303", "5g": "2327", "type": "561", "price_range": null, "status_items": [], "first_status_item": {"label": "", "text": "", "class": "", "status": ""}, "detail_url": "/en/residential/offers/mobiles/devices-smartphones-and-tablets/galaxy-a03s", "variations": {"32GO": {"storage": "32", "storage_id": "565", "storage_unit": "GO", "min_price": 0, "max_price": 149, "before_promo_price": 0, "base_min_price": "", "variation_id": "97323", "sku": "13619"}}, "colors": {"565": {"222": {"title": "Black", "hex": "000000", "variation_id": "97323", "has_stock": true, "sku": "13619"}}}, "is_tablet": false, "weight": 0, "has_device_variation_stock": true, "min_price": 0}, {"device_id": "112256", "title": "11T", "images": [{"src": "https://www.tango.lu/sites/tango/files/styles/device_listing_medium/public/xiaomi_11t_front_0.png", "alt": ""}], "promo": {"listing": ""}, "thumb_src": "https://www.tango.lu/sites/tango/files/styles/device_listing_thumb/public/xiaomi_11t_front_0.png", "brand": "2136", "os": "580", "esim": "2303", "5g": "2321", "type": "326", "price_range": null, "status_items": [{"status_label": "New arrivals", "status_text": "", "status_class": "new", "status": "790", "status_weight": 0}], "first_status_item": {"status_label": "New arrivals", "status_text": "", "status_class": "new", "status": "790", "status_weight": 0}, "detail_url": "/en/residential/offers/mobiles/devices-smartphones-and-tablets/11t", "variations": {"128GO": {"storage": "128", "storage_id": "569", "storage_unit": "GO", "min_price": 0, "max_price": 534, "before_promo_price": 0, "base_min_price": "", "variation_id": "112255", "sku": "13709"}}, "colors": {"569": {"94": {"title": "Grey", "hex": "cccccc", "variation_id": "112255", "has_stock": true, "sku": "13709"}}}, "is_tablet": false, "weight": 0, "has_device_variation_stock": true, "min_price": 0}, {"device_id": "91835", "title": "Find X3 Neo 5G", "images": [{"src": "https://www.tango.lu/sites/tango/files/styles/device_listing_medium/public/oppo-find-x3-neo-5g-front_3.png", "alt": ""}], "promo": {"listing": ""}, "thumb_src": "https://www.tango.lu/sites/tango/files/styles/device_listing_thumb/public/oppo-find-x3-neo-5g-front_3.png", "brand": "2518", "os": "580", "esim": "2303", "5g": "2321", "type": "326", "price_range": null, "status_items": [{"status_label": "Special offers", "status_text": "", "status_class": "special-offer", "status": "788", "status_weight": 0}], "first_status_item": {"status_label": "Special offers", "status_text": "", "status_class": "special-offer", "status": "788", "status_weight": 0}, "detail_url": "/en/residential/offers/mobiles/devices-smartphones-and-tablets/find-x3-neo-5g", "variations": {"256GO": {"storage": "256", "storage_id": "1284", "storage_unit": "GO", "min_price": 0, "max_price": 755, "before_promo_price": 0, "base_min_price": "", "variation_id": "95483", "sku": "13536"}}, "colors": {"1284": {"222": {"title": "Black", "hex": "000000", "variation_id": "95483", "has_stock": false, "sku": "13536"}}}, "is_tablet": false, "weight": 2, "has_device_variation_stock": false, "min_price": 0}, {"device_id": "93039", "title": "X10", "images": [{"src": "https://www.tango.lu/sites/tango/files/styles/device_listing_medium/public/nokia_x10.png", "alt": ""}], "promo": {"listing": ""}, "thumb_src": "https://www.tango.lu/sites/tango/files/styles/device_listing_thumb/public/nokia_x10.png", "brand": "786", "os": "580", "esim": "2303", "5g": "2321", "type": "313", "price_range": null, "status_items": [{"status_label": "Special offers", "status_text": "", "status_class": "special-offer", "status": "788", "status_weight": 0}], "first_status_item": {"status_label": "Special offers", "status_text": "", "status_class": "special-offer", "status": "788", "status_weight": 0}, "detail_url": "/en/residential/offers/mobiles/devices-smartphones-and-tablets/x10", "variations": {"64GO": {"storage": "64", "storage_id": "567", "storage_unit": "GO", "min_price": 0, "max_price": 289, "before_promo_price": 0, "base_min_price": "", "variation_id": "95534", "sku": "13568"}}, "colors": {"567": {"91": {"title": "Green", "hex": "b4d9b3", "variation_id": "95534", "has_stock": true, "sku": "13568"}}}, "is_tablet": false, "weight": 3, "has_device_variation_stock": true, "min_price": 0}, {"device_id": "60232", "title": "Galaxy A32 5G", "images": [{"src": "https://www.tango.lu/sites/tango/files/styles/device_listing_medium/public/galaxy-a32_front_1.png", "alt": ""}], "promo": {"listing": ""}, "thumb_src": "https://www.tango.lu/sites/tango/files/styles/device_listing_thumb/public/galaxy-a32_front_1.png", "brand": "601", "os": "580", "esim": "2303", "5g": "2321", "type": "561", "price_range": null, "status_items": [], "first_status_item": {"label": "", "text": "", "class": "", "status": ""}, "detail_url": "/en/residential/offers/mobiles/devices-smartphones-and-tablets/galaxy-a32-5g", "variations": {"128GO": {"storage": "128", "storage_id": "569", "storage_unit": "GO", "min_price": 0, "max_price": 295, "before_promo_price": 0, "base_min_price": "", "variation_id": "95456", "sku": "13415"}}, "colors": {"569": {"222": {"title": "Black", "hex": "000000", "variation_id": "95456", "has_stock": true, "sku": "13415"}}}, "is_tablet": false, "weight": 6, "has_device_variation_stock": true, "min_price": 0}, {"device_id": "77977", "title": "Galaxy Xcover 5", "images": [{"src": "https://www.tango.lu/sites/tango/files/styles/device_listing_medium/public/xcover-5-front-1000_0.png", "alt": ""}], "promo": {"listing": ""}, "thumb_src": "https://www.tango.lu/sites/tango/files/styles/device_listing_thumb/public/xcover-5-front-1000_0.png", "brand": "601", "os": "580", "esim": "2303", "5g": "2327", "type": "561", "price_range": null, "status_items": [{"status_label": "Special offers", "status_text": "", "status_class": "special-offer", "status": "788", "status_weight": 0}], "first_status_item": {"status_label": "Special offers", "status_text": "", "status_class": "special-offer", "status": "788", "status_weight": 0}, "detail_url": "/en/residential/offers/mobiles/devices-smartphones-and-tablets/galaxy-xcover-5", "variations": {"64GO": {"storage": "64", "storage_id": "567", "storage_unit": "GO", "min_price": 0, "max_price": 289, "before_promo_price": 0, "base_min_price": "", "variation_id": "95459", "sku": "13454"}}, "colors": {"567": {"222": {"title": "Black", "hex": "000000", "variation_id": "95459", "has_stock": true, "sku": "13454"}}}, "is_tablet": false, "weight": 7, "has_device_variation_stock": true, "min_price": 0}, {"device_id": "78031", "title": "Mi 11 Lite 5G", "images": [{"src": "https://www.tango.lu/sites/tango/files/styles/device_listing_medium/public/11-face_0.png", "alt": ""}], "promo": {"listing": ""}, "thumb_src": "https://www.tango.lu/sites/tango/files/styles/device_listing_thumb/public/11-face_0.png", "brand": "2136", "os": "580", "esim": "2303", "5g": "2321", "type": "313", "price_range": null, "status_items": [], "first_status_item": {"label": "", "text": "", "class": "", "status": ""}, "detail_url": "/en/residential/offers/mobiles/devices-smartphones-and-tablets/mi-11-lite-5g", "variations": {"128GO": {"storage": "128", "storage_id": "569", "storage_unit": "GO", "min_price": 0, "max_price": 389, "before_promo_price": 0, "base_min_price": "", "variation_id": "95469", "sku": "13558"}}, "colors": {"569": {"91": {"title": "Green", "hex": "b4d9b3", "variation_id": "95469", "has_stock": true, "sku": "13558"}}}, "is_tablet": false, "weight": 8, "has_device_variation_stock": true, "min_price": 0}, {"device_id": "91827", "title": "Galaxy A22 5G", "images": [{"src": "https://www.tango.lu/sites/tango/files/styles/device_listing_medium/public/a22-front_2.png", "alt": ""}], "promo": {"listing": ""}, "thumb_src": "https://www.tango.lu/sites/tango/files/styles/device_listing_thumb/public/a22-front_2.png", "brand": "601", "os": "580", "esim": "2303", "5g": "2321", "type": "561", "price_range": null, "status_items": [], "first_status_item": {"label": "", "text": "", "class": "", "status": ""}, "detail_url": "/en/residential/offers/mobiles/devices-smartphones-and-tablets/galaxy-a22-5g", "variations": {"128GO": {"storage": "128", "storage_id": "569", "storage_unit": "GO", "min_price": 0, "max_price": 245, "before_promo_price": 0, "base_min_price": "", "variation_id": "95478", "sku": "13531"}}, "colors": {"569": {"222": {"title": "Black", "hex": "000000", "variation_id": "95477", "has_stock": true, "sku": "13531"}, "1777": {"title": "Purple", "hex": "916e8f", "variation_id": "95478", "has_stock": true, "sku": "13532"}}}, "is_tablet": false, "weight": 9, "has_device_variation_stock": true, "min_price": 0}, {"device_id": "92939", "title": "P Smart 2021", "images": [{"src": "https://www.tango.lu/sites/tango/files/styles/device_listing_medium/public/huawei_0.png", "alt": ""}], "promo": {"listing": "<b>Huawei MS</b>"}, "thumb_src": "https://www.tango.lu/sites/tango/files/styles/device_listing_thumb/public/huawei_0.png", "brand": "597", "os": "2261", "esim": "2309", "5g": "2327", "type": "313", "price_range": null, "status_items": [{"status_label": "Web Exclusive", "status_text": "", "status_class": "web-exclusive", "status": "2178", "status_weight": 0}], "first_status_item": {"status_label": "Web Exclusive", "status_text": "", "status_class": "web-exclusive", "status": "2178", "status_weight": 0}, "detail_url": "/en/residential/offers/mobiles/devices-smartphones-and-tablets/p-smart-2021", "variations": {"128GO": {"storage": "128", "storage_id": "569", "storage_unit": "GO", "min_price": 0, "max_price": 225, "before_promo_price": 0, "base_min_price": "", "variation_id": "95531", "sku": "13565"}}, "colors": {"569": {"222": {"title": "Black", "hex": "000000", "variation_id": "95531", "has_stock": false, "sku": "13565"}}}, "is_tablet": false, "weight": 10, "has_device_variation_stock": false, "min_price": 0}, {"device_id": "93126", "title": "Galaxy A52 S 5G", "images": [{"src": "https://www.tango.lu/sites/tango/files/styles/device_listing_medium/public/samsung_galaxy_a52s_5g_-_face_3.png", "alt": ""}], "promo": {"listing": ""}, "thumb_src": "https://www.tango.lu/sites/tango/files/styles/device_listing_thumb/public/samsung_galaxy_a52s_5g_-_face_3.png", "brand": "601", "os": "580", "esim": "2303", "5g": "2321", "type": "313", "price_range": null, "status_items": [], "first_status_item": {"label": "", "text": "", "class": "", "status": ""}, "detail_url": "/en/residential/offers/mobiles/devices-smartphones-and-tablets/galaxy-a52-s-5g", "variations": {"128GO": {"storage": "128", "storage_id": "569", "storage_unit": "GO", "min_price": 0, "max_price": 45, "before_promo_price": 0, "base_min_price": "", "variation_id": "95522", "sku": "13561"}}, "colors": {"569": {"91": {"title": "Green", "hex": "b4d9b3", "variation_id": "95519", "has_stock": true, "sku": "13561"}, "1777": {"title": "Purple", "hex": "916e8f", "variation_id": "95520", "has_stock": true, "sku": "13562"}, "222": {"title": "Black", "hex": "000000", "variation_id": "95521", "has_stock": true, "sku": "13563"}, "93": {"title": "White", "hex": "fbfbfb", "variation_id": "95522", "has_stock": true, "sku": "13564"}}}, "is_tablet": false, "weight": 11, "has_device_variation_stock": true, "min_price": 0}, {"device_id": "93021", "title": "8050", "images": [{"src": "https://www.tango.lu/sites/tango/files/styles/device_listing_medium/public/doro_8050.png", "alt": ""}], "promo": {"listing": ""}, "thumb_src": "https://www.tango.lu/sites/tango/files/styles/device_listing_thumb/public/doro_8050.png", "brand": "1827", "os": "580", "esim": "2303", "5g": "2327", "type": "561", "price_range": null, "status_items": [], "first_status_item": {"label": "", "text": "", "class": "", "status": ""}, "detail_url": "/en/residential/offers/mobiles/devices-smartphones-and-tablets/8050", "variations": {"16GO": {"storage": "16", "storage_id": "563", "storage_unit": "GO", "min_price": 0, "max_price": 219, "before_promo_price": 0, "base_min_price": "", "variation_id": "97320", "sku": "13560"}}, "colors": {"563": {"2345": {"title": "Graphite", "hex": "5a5955", "variation_id": "97320", "has_stock": true, "sku": "13560"}}}, "is_tablet": false, "weight": 12, "has_device_variation_stock": true, "min_price": 0}]